txn_id,customer_id,amount,txn_date,region
50001,1033,12.17,2026-01-20,BC
50002,1068,31.09,2026-01-25,ON
50003,1033,42.91,2026-03-07,BC
50004,1014,23.33,2026-01-09,AB
50005,1021,23.63,2026-02-22,MB
50006,1048,27.93,2026-03-02,BC
50007,1020,37.82,2026-02-07,ON
50008,1008,91.31,2026-01-03,AB
50009,1007,9.94,2026-02-24,AB
50010,1067,59.15,2026-01-01,ON
50011,1017,55.51,2026-02-14,QC
50012,1033,32.23,2026-02-16,BC
50013,1048,49.52,2026-01-26,BC
50014,1076,33.69,2026-01-14,ON
50015,1059,54.75,2026-02-23,QC
50016,1086,20.53,2026-02-15,AB
50017,1022,18.83,2026-01-31,ON
50018,1030,9.33,2026-02-28,ON
50019,1038,49.67,2026-01-29,ON
50020,1051,25.06,2026-01-17,ON
50021,1054,11.86,2026-01-14,ON
50022,1008,19.05,2026-02-05,AB
50023,1027,54.68,2026-02-27,MB
50024,1027,42.65,2026-01-24,MB
50025,1098,19.52,2026-03-04,BC
50026,1021,89.0,2026-01-25,MB
50027,1030,36.43,2026-02-28,ON
50028,1097,52.06,2026-02-01,QC
50029,1028,42.06,2026-01-18,ON
50030,1064,31.53,2026-02-06,QC
50031,1097,49.8,2026-01-26,QC
50032,1069,77.69,2026-01-09,MB
50033,1061,31.15,2026-03-05,BC
50034,1048,61.59,2026-01-20,BC
50035,1019,23.31,2026-02-23,ON
50036,1004,110.84,2026-01-30,ON
50037,1035,21.2,2026-02-22,ON
50038,1064,134.96,2026-03-04,QC
50039,1049,15.5,2026-01-11,BC
50040,1017,30.0,2026-01-31,QC
50041,1044,51.47,2026-02-18,AB
50042,1092,81.0,2026-01-19,ON
50043,1030,100.27,2026-01-12,ON
50044,1093,92.0,2026-01-15,ON
50045,1046,50.22,2026-01-31,BC
50046,1006,22.1,2026-02-12,QC
50047,1099,70.43,2026-02-06,BC
50048,1037,75.74,2026-01-29,MB
50049,1024,46.78,2026-01-26,BC
50050,1093,26.36,2026-01-02,ON
50051,1046,17.22,2026-01-15,BC
50052,1053,23.13,2026-01-04,ON
50053,1095,22.33,2026-02-19,ON
50054,1099,39.2,2026-02-07,BC
50055,1060,72.67,2026-01-23,ON
50056,1097,41.22,2026-02-28,QC
50057,1063,16.3,2026-01-28,BC
50058,1085,59.69,2026-03-07,AB
50059,1032,118.08,2026-01-08,ON
50060,1087,40.89,2026-01-29,BC
50061,1033,23.66,2026-01-11,BC
50062,1067,18.74,2026-01-18,ON
50063,1018,57.37,2026-02-24,ON
50064,1025,98.21,2026-02-19,QC
50065,1095,31.02,2026-01-14,ON
50066,1054,26.36,2026-01-09,ON
50067,1058,40.25,2026-01-11,ON
50068,1067,62.8,2026-03-04,ON
50069,1046,22.49,2026-03-08,BC
50070,1024,44.5,2026-02-22,BC
50071,1032,53.1,2026-02-08,ON
50072,1047,55.75,2026-02-25,QC
50073,1086,17.63,2026-01-28,AB
50074,1023,20.23,2026-02-08,QC
50075,1066,40.64,2026-01-25,ON
50076,1027,60.16,2026-01-21,MB
50077,1002,130.72,2026-01-10,AB
50078,1090,16.82,2026-02-12,AB
50079,1017,45.25,2026-01-15,QC
50080,1033,38.29,2026-02-17,BC
50081,1009,28.24,2026-01-21,ON
50082,1043,78.43,2026-03-01,BC
50083,1048,55.27,2026-02-19,BC
50084,1039,56.34,2026-01-23,ON
50085,1093,16.11,2026-01-13,ON
50086,1042,30.02,2026-01-04,ON
50087,1026,39.66,2026-01-09,MB
50088,1099,42.93,2026-02-04,BC
50089,1050,151.07,2026-01-21,QC
50090,1025,31.17,2026-02-27,QC
50091,1024,6.4,2026-01-18,BC
50092,1013,40.01,2026-02-12,AB
50093,1060,53.24,2026-01-06,ON
50094,1007,39.75,2026-03-08,AB
50095,1057,5.55,2026-01-12,BC
50096,1036,46.49,2026-01-12,ON
50097,1045,54.31,2026-03-07,ON
50098,1020,14.97,2026-01-02,ON
50099,1065,23.53,2026-01-15,MB
50100,1008,36.74,2026-01-23,AB
50101,1016,25.8,2026-01-29,QC
50102,1014,28.81,2026-01-07,AB
50103,1076,46.77,2026-01-28,ON
50104,1087,24.61,2026-01-14,BC
50105,1015,12.34,2026-02-13,ON
50106,1092,67.88,2026-01-30,ON
50107,1098,17.99,2026-02-01,BC
50108,1066,33.22,2026-01-06,ON
50109,1032,26.88,2026-01-27,ON
50110,1087,16.32,2026-01-24,BC
50111,1063,66.56,2026-02-03,BC
50112,1086,62.14,2026-02-09,AB
50113,1051,29.21,2026-02-16,ON
50114,1025,37.94,2026-01-24,QC
50115,1058,41.22,2026-03-06,ON
50116,1063,16.99,2026-01-18,BC
50117,1062,18.69,2026-02-13,ON
50118,1022,37.54,2026-02-26,ON
50119,1058,16.04,2026-01-28,ON
50120,1058,37.31,2026-01-23,ON
50121,1086,7.22,2026-02-03,AB
50122,1049,28.11,2026-01-11,BC
50123,1052,46.24,2026-02-04,AB
50124,1042,43.97,2026-02-11,ON
50125,1070,77.38,2026-01-28,AB
50126,1015,16.96,2026-01-24,ON
50127,1054,36.1,2026-01-08,ON
50128,1060,68.23,2026-02-22,ON
50129,1097,46.0,2026-01-04,QC
50130,1008,63.53,2026-01-05,AB
50131,1053,16.07,2026-02-18,ON
50132,1060,39.98,2026-01-30,ON
50133,1005,32.76,2026-03-04,AB
50134,1068,40.71,2026-02-16,ON
50135,1006,21.61,2026-01-26,QC
50136,1096,84.37,2026-02-26,ON
50137,1094,59.16,2026-02-06,BC
50138,1047,78.06,2026-01-07,QC
50139,1099,46.17,2026-02-09,BC
50140,1055,23.19,2026-02-08,ON
50141,1040,56.6,2026-03-03,QC
50142,1052,84.94,2026-02-22,AB
50143,1016,46.13,2026-01-04,QC
50144,1013,19.69,2026-01-25,AB
50145,1030,25.43,2026-01-07,ON
50146,1019,39.34,2026-01-28,ON
50147,1017,91.81,2026-03-08,QC
50148,1063,109.72,2026-01-20,BC
50149,1019,20.79,2026-01-11,ON
50150,1092,48.49,2026-03-08,ON
50151,1058,25.21,2026-01-07,ON
50152,1055,14.99,2026-01-23,ON
50153,1090,55.64,2026-03-02,AB
50154,1090,42.29,2026-02-03,AB
50155,1062,44.07,2026-01-19,ON
50156,1023,34.26,2026-02-27,QC
50157,1009,46.82,2026-01-09,ON
50158,1012,45.68,2026-02-17,QC
50159,1001,64.97,2026-02-10,BC
50160,1058,21.43,2026-02-17,ON
50161,1001,66.94,2026-02-14,BC
50162,1034,61.12,2026-01-25,QC
50163,1096,47.49,2026-01-25,ON
50164,1048,39.12,2026-01-19,BC
50165,1089,35.96,2026-02-08,ON
50166,1001,36.16,2026-01-27,BC
50167,1016,39.13,2026-03-04,QC
50168,1061,12.75,2026-03-09,BC
50169,1064,139.99,2026-01-19,QC
50170,1063,74.52,2026-01-28,BC
50171,1069,110.39,2026-02-02,MB
50172,1022,57.16,2026-01-10,ON
50173,1093,24.71,2026-01-30,ON
50174,1067,52.26,2026-01-22,ON
50175,1076,64.63,2026-01-03,ON
50176,1026,19.67,2026-02-17,MB
50177,1016,83.87,2026-01-02,QC
50178,1051,28.56,2026-02-23,ON
50179,1086,60.59,2026-01-06,AB
50180,1057,91.37,2026-02-09,BC
50181,1029,46.04,2026-01-02,QC
50182,1078,91.77,2026-01-02,AB
50183,1092,13.16,2026-02-24,ON
50184,1069,17.15,2026-03-01,MB
50185,1047,21.37,2026-01-06,QC
50186,1094,10.9,2026-01-19,BC
50187,1062,91.89,2026-01-27,ON
50188,1069,78.44,2026-01-01,MB
50189,1076,25.62,2026-02-02,ON
50190,1016,134.42,2026-02-09,QC
50191,1090,31.26,2026-02-01,AB
50192,1090,113.19,2026-01-17,AB
50193,1048,114.63,2026-01-08,BC
50194,1085,24.66,2026-02-26,AB
50195,1039,64.6,2026-02-11,ON
50196,1100,76.24,2026-01-09,ON
50197,1033,24.22,2026-02-04,BC
50198,1094,5.76,2026-02-22,BC
50199,1023,63.58,2026-02-23,QC
50200,1010,20.96,2026-01-25,ON
50201,1069,34.96,2026-03-08,MB
50202,1100,43.48,2026-03-03,ON
50203,1034,55.55,2026-02-24,QC
50204,1052,30.1,2026-02-15,AB
50205,1095,45.56,2026-01-24,ON
50206,1010,79.85,2026-02-15,ON
50207,1019,9.16,2026-01-22,ON
50208,1058,13.56,2026-01-11,ON
50209,1096,16.27,2026-02-17,ON
50210,1001,26.48,2026-01-08,BC
50211,1069,62.48,2026-02-08,MB
50212,1004,72.75,2026-02-04,ON
50213,1016,33.55,2026-02-18,QC
50214,1024,33.62,2026-02-15,BC
50215,1080,88.67,2026-02-07,BC
50216,1002,43.93,2026-01-08,AB
50217,1092,29.49,2026-02-23,ON
50218,1032,67.4,2026-02-06,ON
50219,1091,62.73,2026-02-09,BC
50220,1084,49.62,2026-02-03,AB
50221,1024,25.61,2026-01-17,BC
50222,1012,18.94,2026-02-02,QC
50223,1050,20.19,2026-02-16,QC
50224,1035,21.0,2026-02-21,ON
50225,1033,19.73,2026-01-09,BC
50226,1033,26.51,2026-02-02,BC
50227,1061,37.97,2026-03-01,BC
50228,1051,41.03,2026-01-21,ON
50229,1043,16.83,2026-02-27,BC
50230,1012,45.13,2026-01-10,QC
50231,1067,40.64,2026-01-06,ON
50232,1065,35.58,2026-01-13,MB
50233,1033,25.04,2026-03-06,BC
50234,1040,17.1,2026-01-20,QC
50235,1074,55.22,2026-02-26,QC
50236,1043,40.44,2026-02-15,BC
50237,1044,48.15,2026-01-08,AB
50238,1029,28.48,2026-01-10,QC
50239,1013,26.21,2026-03-08,AB
50240,1012,72.11,2026-01-11,QC
50241,1095,31.27,2026-01-12,ON
50242,1046,42.42,2026-01-10,BC
50243,1002,36.24,2026-01-25,AB
50244,1035,21.18,2026-02-18,ON
50245,1087,28.04,2026-02-18,BC
50246,1081,121.83,2026-01-11,ON
50247,1090,23.14,2026-03-03,AB
50248,1008,40.27,2026-02-05,AB
50249,1093,24.26,2026-02-08,ON
50250,1026,36.84,2026-02-22,MB
50251,1074,23.17,2026-02-25,QC
50252,1090,26.81,2026-01-01,AB
50253,1034,13.2,2026-02-25,QC
50254,1007,40.85,2026-01-04,AB
50255,1068,29.87,2026-01-30,ON
50256,1058,53.36,2026-01-12,ON
50257,1075,36.78,2026-02-04,QC
50258,1029,22.71,2026-02-21,QC
50259,1036,18.99,2026-01-31,ON
50260,1089,38.19,2026-03-09,ON
50261,1021,84.86,2026-02-21,MB
50262,1036,25.71,2026-01-07,ON
50263,1010,9.89,2026-01-22,ON
50264,1073,43.79,2026-02-25,AB
50265,1024,79.38,2026-02-27,BC
50266,1064,54.2,2026-03-05,QC
50267,1099,15.72,2026-01-12,BC
50268,1049,41.47,2026-01-07,BC
50269,1099,64.83,2026-02-24,BC
50270,1036,28.46,2026-03-03,ON
50271,1082,26.12,2026-02-24,ON
50272,1096,26.71,2026-02-05,ON
50273,1024,33.44,2026-01-24,BC
50274,1023,16.42,2026-02-13,QC
50275,1062,43.53,2026-01-17,ON
50276,1096,44.96,2026-01-02,ON
50277,1037,45.66,2026-01-13,MB
50278,1012,37.18,2026-01-31,QC
50279,1055,16.09,2026-01-28,ON
50280,1013,32.17,2026-03-01,AB
50281,1023,109.36,2026-01-27,QC
50282,1089,44.46,2026-01-15,ON
50283,1099,21.56,2026-02-02,BC
50284,1030,56.23,2026-01-20,ON
50285,1017,110.19,2026-02-11,QC
50286,1062,48.24,2026-01-12,ON
50287,1084,34.24,2026-01-23,AB
50288,1089,84.7,2026-01-14,ON
50289,1086,27.05,2026-01-25,AB
50290,1013,71.1,2026-01-31,AB
50291,1059,25.76,2026-02-23,QC
50292,1019,28.81,2026-01-05,ON
50293,1049,62.19,2026-01-13,BC
50294,1100,82.46,2026-01-28,ON
50295,1012,35.74,2026-02-12,QC
50296,1061,81.03,2026-02-16,BC
50297,1019,48.9,2026-02-07,ON
50298,1076,21.81,2026-03-08,ON
50299,1009,28.99,2026-03-03,ON
50300,1071,53.78,2026-02-08,ON
50301,1028,87.97,2026-02-06,ON
50302,1078,71.91,2026-01-08,AB
50303,1095,72.57,2026-02-21,ON
50304,1052,14.58,2026-02-02,AB
50305,1083,60.73,2026-02-11,BC
50306,1016,58.71,2026-01-27,QC
50307,1069,45.88,2026-01-08,MB
50308,1099,58.1,2026-01-23,BC
50309,1012,10.85,2026-03-05,QC
50310,1025,7.33,2026-01-20,QC
50311,1052,45.3,2026-01-16,AB
50312,1085,36.72,2026-01-17,AB
50313,1100,32.93,2026-01-19,ON
50314,1053,50.45,2026-01-08,ON
50315,1023,43.65,2026-02-07,QC
50316,1016,47.21,2026-02-07,QC
50317,1057,66.95,2026-02-22,BC
50318,1039,26.5,2026-01-31,ON
50319,1053,47.89,2026-02-13,ON
50320,1042,24.29,2026-03-01,ON
50321,1058,9.51,2026-01-17,ON
50322,1039,31.25,2026-02-08,ON
50323,1014,73.46,2026-02-11,AB
50324,1095,20.63,2026-02-17,ON
50325,1005,50.66,2026-01-12,AB
50326,1035,67.36,2026-01-18,ON
50327,1087,61.11,2026-01-06,BC
50328,1093,24.22,2026-02-12,ON
50329,1075,22.75,2026-02-04,QC
50330,1018,39.27,2026-02-23,ON
50331,1076,45.66,2026-03-03,ON
50332,1009,57.81,2026-01-16,ON
50333,1074,58.21,2026-01-08,QC
50334,1058,167.02,2026-01-31,ON
50335,1017,92.72,2026-01-10,QC
50336,1007,30.05,2026-02-25,AB
50337,1046,127.59,2026-01-20,BC
50338,1013,17.06,2026-01-05,AB
50339,1040,18.4,2026-01-23,QC
50340,1042,62.91,2026-01-09,ON
50341,1009,32.14,2026-02-27,ON
50342,1050,92.96,2026-02-28,QC
50343,1027,56.73,2026-02-23,MB
50344,1066,35.68,2026-02-15,ON
50345,1005,33.8,2026-01-22,AB
50346,1029,32.97,2026-03-05,QC
50347,1037,8.37,2026-01-08,MB
50348,1038,20.16,2026-01-20,ON
50349,1083,23.86,2026-02-20,BC
50350,1008,74.91,2026-02-08,AB
50351,1065,25.53,2026-02-06,MB
50352,1086,49.06,2026-02-19,AB
50353,1017,33.89,2026-02-03,QC
50354,1071,20.29,2026-02-02,ON
50355,1089,45.76,2026-01-31,ON
50356,1045,37.86,2026-02-23,ON
50357,1004,74.55,2026-02-13,ON
50358,1036,29.05,2026-02-03,ON
50359,1070,24.16,2026-03-03,AB
50360,1031,64.74,2026-01-23,ON
50361,1019,33.86,2026-02-15,ON
50362,1061,68.23,2026-02-25,BC
50363,1054,26.2,2026-01-07,ON
50364,1039,42.22,2026-03-02,ON
50365,1091,24.85,2026-01-03,BC
50366,1074,21.13,2026-02-07,QC
50367,1090,7.64,2026-02-03,AB
50368,1019,95.07,2026-02-13,ON
50369,1039,27.2,2026-01-30,ON
50370,1067,53.38,2026-01-17,ON
50371,1045,34.17,2026-02-28,ON
50372,1013,78.86,2026-01-10,AB
50373,1092,10.62,2026-01-18,ON
50374,1058,43.96,2026-02-14,ON
50375,1020,62.02,2026-02-28,ON
50376,1092,39.86,2026-03-03,ON
50377,1072,22.56,2026-02-28,BC
50378,1061,10.91,2026-02-18,BC
50379,1039,24.29,2026-03-04,ON
50380,1001,9.02,2026-02-01,BC
50381,1003,61.05,2026-01-10,AB
50382,1077,52.03,2026-01-11,ON
50383,1092,65.28,2026-03-03,ON
50384,1062,19.42,2026-02-16,ON
50385,1063,17.31,2026-02-03,BC
50386,1025,53.91,2026-01-17,QC
50387,1056,52.61,2026-02-23,QC
50388,1033,9.97,2026-02-09,BC
50389,1038,23.45,2026-01-19,ON
50390,1006,98.32,2026-03-08,QC
50391,1058,62.78,2026-02-22,ON
50392,1044,32.21,2026-03-05,AB
50393,1045,15.78,2026-02-16,ON
50394,1032,19.12,2026-01-06,ON
50395,1045,28.41,2026-01-16,ON
50396,1061,13.55,2026-01-18,BC
50397,1047,80.5,2026-02-21,QC
50398,1021,76.01,2026-02-17,MB
50399,1080,16.16,2026-02-12,BC
50400,1085,114.9,2026-02-08,AB
50401,1075,27.77,2026-02-18,QC
50402,1036,38.48,2026-01-12,ON
50403,1099,27.5,2026-01-10,BC
50404,1019,17.26,2026-02-24,ON
50405,1020,29.84,2026-01-01,ON
50406,1057,10.08,2026-02-18,BC
50407,1018,29.98,2026-02-05,ON
50408,1047,35.98,2026-01-21,QC
50409,1049,44.6,2026-02-06,BC
50410,1014,12.29,2026-01-24,AB
50411,1015,12.8,2026-02-24,ON
50412,1031,43.29,2026-01-25,ON
50413,1001,16.2,2026-01-07,BC
50414,1054,32.99,2026-01-24,ON
50415,1003,81.14,2026-01-11,AB
50416,1016,15.22,2026-01-12,QC
50417,1087,20.62,2026-02-04,BC
50418,1057,69.83,2026-03-04,BC
50419,1075,9.93,2026-03-09,QC
50420,1012,33.31,2026-02-26,QC
50421,1074,46.45,2026-01-13,QC
50422,1096,67.37,2026-01-23,ON
50423,1016,28.05,2026-02-08,QC
50424,1072,15.05,2026-01-12,BC
50425,1076,44.95,2026-02-03,ON
50426,1024,45.68,2026-01-31,BC
50427,1028,108.05,2026-03-03,ON
50428,1008,29.84,2026-01-13,AB
50429,1092,46.1,2026-01-31,ON
50430,1036,35.22,2026-01-02,ON
50431,1090,16.3,2026-01-15,AB
50432,1008,45.37,2026-02-26,AB
50433,1058,73.29,2026-02-03,ON
50434,1060,57.73,2026-03-09,ON
50435,1050,22.89,2026-01-29,QC
50436,1028,31.84,2026-03-07,ON
50437,1092,79.64,2026-01-16,ON
50438,1041,30.37,2026-02-08,MB
50439,1100,78.4,2026-02-06,ON
50440,1064,33.33,2026-01-21,QC
50441,1027,34.96,2026-02-13,MB
50442,1063,71.54,2026-01-19,BC
50443,1017,118.7,2026-01-08,QC
50444,1073,32.48,2026-03-07,AB
50445,1033,28.83,2026-02-10,BC
50446,1084,22.53,2026-03-02,AB
50447,1077,20.16,2026-01-26,ON
50448,1092,23.61,2026-01-29,ON
50449,1029,26.33,2026-03-07,QC
50450,1013,65.7,2026-01-19,AB
50451,1046,53.48,2026-03-09,BC
50452,1035,60.44,2026-02-27,ON
50453,1006,59.77,2026-02-26,QC
50454,1082,79.13,2026-02-06,ON
50455,1069,22.19,2026-03-02,MB
50456,1047,44.11,2026-01-30,QC
50457,1025,11.39,2026-01-25,QC
50458,1066,11.45,2026-03-06,ON
50459,1010,41.17,2026-01-06,ON
50460,1056,34.97,2026-01-18,QC
50461,1030,39.12,2026-01-10,ON
50462,1005,56.65,2026-01-11,AB
50463,1033,91.78,2026-03-06,BC
50464,1065,38.41,2026-03-06,MB
50465,1018,34.34,2026-02-21,ON
50466,1096,23.16,2026-03-08,ON
50467,1049,66.33,2026-01-31,BC
50468,1011,24.57,2026-01-17,ON
50469,1085,31.65,2026-02-24,AB
50470,1026,57.51,2026-02-05,MB
50471,1063,40.41,2026-01-26,BC
50472,1089,38.93,2026-02-22,ON
50473,1086,20.78,2026-01-17,AB
50474,1059,47.75,2026-01-25,QC
50475,1027,132.72,2026-01-02,MB
50476,1049,14.88,2026-01-05,BC
50477,1077,17.16,2026-01-04,ON
50478,1033,62.88,2026-02-05,BC
50479,1098,44.82,2026-01-06,BC
50480,1099,87.68,2026-01-21,BC
50481,1001,22.67,2026-01-26,BC
50482,1021,66.99,2026-02-24,MB
50483,1055,47.76,2026-02-08,ON
50484,1006,19.37,2026-02-02,QC
50485,1092,24.64,2026-01-14,ON
50486,1081,38.73,2026-02-25,ON
50487,1069,20.72,2026-01-21,MB
50488,1095,76.66,2026-02-15,ON
50489,1005,60.91,2026-01-16,AB
50490,1003,27.25,2026-01-16,AB
50491,1053,34.38,2026-01-29,ON
50492,1023,69.17,2026-01-08,QC
50493,1053,36.67,2026-01-03,ON
50494,1037,120.15,2026-01-19,MB
50495,1074,53.72,2026-03-07,QC
50496,1074,21.39,2026-01-22,QC
50497,1083,17.83,2026-02-15,BC
50498,1017,73.81,2026-01-13,QC
50499,1085,28.25,2026-02-02,AB
50500,1078,42.07,2026-01-05,AB
50501,1073,38.77,2026-01-27,AB
50502,1001,13.63,2026-01-24,BC
50503,1051,13.51,2026-03-08,ON
50504,1045,81.48,2026-03-04,ON
50505,1077,30.73,2026-02-17,ON
50506,1004,29.65,2026-03-04,ON
50507,1062,127.5,2026-01-12,ON
50508,1065,70.21,2026-01-28,MB
50509,1032,99.18,2026-02-13,ON
50510,1034,83.26,2026-02-12,QC
50511,1092,63.93,2026-01-17,ON
50512,1095,96.41,2026-02-09,ON
50513,1072,22.29,2026-02-18,BC
50514,1039,20.41,2026-02-26,ON
50515,1026,13.55,2026-03-05,MB
50516,1034,10.54,2026-02-26,QC
50517,1054,41.5,2026-02-12,ON
50518,1003,12.42,2026-01-23,AB
50519,1050,16.79,2026-01-27,QC
50520,1012,33.01,2026-02-27,QC
50521,1065,6.08,2026-02-06,MB
50522,1054,36.38,2026-01-06,ON
50523,1005,38.72,2026-03-06,AB
50524,1094,122.3,2026-01-06,BC
50525,1094,44.24,2026-02-19,BC
50526,1057,41.55,2026-01-22,BC
50527,1017,96.38,2026-01-25,QC
50528,1047,32.57,2026-02-20,QC
50529,1023,43.55,2026-02-17,QC
50530,1079,70.61,2026-03-06,MB
50531,1085,22.61,2026-03-01,AB
50532,1014,70.93,2026-02-15,AB
50533,1066,14.2,2026-02-05,ON
50534,1075,58.81,2026-02-27,QC
50535,1051,59.05,2026-02-07,ON
50536,1038,29.12,2026-01-11,ON
50537,1064,33.91,2026-01-12,QC
50538,1098,102.8,2026-02-11,BC
50539,1038,35.63,2026-02-08,ON
50540,1050,54.21,2026-01-11,QC
50541,1098,39.68,2026-02-05,BC
50542,1082,23.99,2026-02-21,ON
50543,1030,25.16,2026-01-31,ON
50544,1079,49.55,2026-02-02,MB
50545,1091,89.75,2026-01-13,BC
50546,1051,14.79,2026-01-18,ON
50547,1063,97.94,2026-02-10,BC
50548,1098,57.69,2026-02-27,BC
50549,1052,32.59,2026-02-25,AB
50550,1038,47.6,2026-01-24,ON
50551,1097,57.04,2026-01-31,QC
50552,1088,17.38,2026-02-24,ON
50553,1079,34.47,2026-01-10,MB
50554,1030,38.43,2026-03-01,ON
50555,1051,11.51,2026-01-02,ON
50556,1081,65.12,2026-01-15,ON
50557,1005,24.79,2026-01-03,AB
50558,1029,25.79,2026-02-12,QC
50559,1004,36.24,2026-01-31,ON
50560,1010,51.29,2026-03-08,ON
50561,1056,48.86,2026-02-25,QC
50562,1017,39.59,2026-03-04,QC
50563,1074,47.66,2026-01-15,QC
50564,1017,23.04,2026-01-10,QC
50565,1084,42.56,2026-02-07,AB
50566,1088,54.6,2026-02-16,ON
50567,1069,25.47,2026-02-26,MB
50568,1034,39.03,2026-02-19,QC
50569,1006,55.39,2026-01-15,QC
50570,1053,36.19,2026-01-18,ON
50571,1066,15.43,2026-01-02,ON
50572,1077,88.76,2026-02-12,ON
50573,1043,78.82,2026-01-26,BC
50574,1075,38.17,2026-02-07,QC
50575,1023,97.13,2026-02-11,QC
50576,1055,56.99,2026-01-05,ON
50577,1080,33.26,2026-01-11,BC
50578,1095,23.4,2026-03-06,ON
50579,1075,17.44,2026-02-03,QC
50580,1016,34.52,2026-01-01,QC
50581,1008,20.49,2026-01-02,AB
50582,1004,21.71,2026-01-20,ON
50583,1004,47.87,2026-03-02,ON
50584,1056,14.28,2026-01-21,QC
50585,1025,11.71,2026-03-09,QC
50586,1067,41.0,2026-01-12,ON
50587,1096,55.93,2026-01-22,ON
50588,1067,49.97,2026-01-20,ON
50589,1027,11.92,2026-01-01,MB
50590,1093,23.16,2026-01-30,ON
50591,1032,25.16,2026-01-24,ON
50592,1050,12.42,2026-01-14,QC
50593,1061,39.18,2026-02-05,BC
50594,1051,44.17,2026-01-24,ON
50595,1019,33.68,2026-03-01,ON
50596,1021,12.28,2026-02-24,MB
50597,1005,120.25,2026-01-24,AB
50598,1082,21.57,2026-01-24,ON
50599,1092,69.69,2026-02-23,ON
50600,1042,89.65,2026-01-26,ON
50601,1061,28.92,2026-03-07,BC
50602,1022,50.05,2026-02-07,ON
50603,1021,14.49,2026-03-06,MB
50604,1070,29.74,2026-02-20,AB
50605,1001,51.16,2026-02-04,BC
50606,1005,38.62,2026-02-12,AB
50607,1012,60.22,2026-01-29,QC
50608,1090,27.44,2026-02-06,AB
50609,1046,69.68,2026-02-27,BC
50610,1034,19.3,2026-02-23,QC
50611,1049,50.48,2026-02-08,BC
50612,1078,25.62,2026-02-11,AB
50613,1090,11.16,2026-01-28,AB
50614,1045,59.52,2026-01-29,ON
50615,1027,22.79,2026-02-12,MB
50616,1073,18.28,2026-01-03,AB
50617,1026,80.68,2026-01-10,MB
50618,1047,64.33,2026-02-28,QC
50619,1086,17.74,2026-01-14,AB
50620,1056,15.98,2026-02-16,QC
50621,1094,27.81,2026-02-11,BC
50622,1063,16.77,2026-02-01,BC
50623,1048,92.01,2026-02-01,BC
50624,1061,10.73,2026-02-11,BC
50625,1081,109.88,2026-02-01,ON
50626,1026,49.24,2026-01-26,MB
50627,1036,55.27,2026-01-01,ON
50628,1001,41.13,2026-02-25,BC
50629,1008,11.84,2026-01-02,AB
50630,1099,63.28,2026-01-30,BC
50631,1052,39.2,2026-02-21,AB
50632,1079,19.24,2026-01-09,MB
50633,1047,74.8,2026-01-22,QC
50634,1056,71.21,2026-02-03,QC
50635,1086,75.03,2026-02-18,AB
50636,1014,68.34,2026-01-01,AB
50637,1090,26.32,2026-02-22,AB
50638,1028,54.31,2026-02-09,ON
50639,1087,73.8,2026-02-14,BC
50640,1078,68.87,2026-03-09,AB
50641,1088,6.87,2026-01-09,ON
50642,1002,36.44,2026-01-22,AB
50643,1026,23.11,2026-01-18,MB
50644,1014,91.27,2026-02-12,AB
50645,1059,36.8,2026-02-08,QC
50646,1056,51.51,2026-01-06,QC
50647,1007,43.57,2026-02-17,AB
50648,1003,85.33,2026-01-07,AB
50649,1023,110.82,2026-01-16,QC
50650,1018,39.38,2026-01-01,ON
50651,1038,45.03,2026-02-06,ON
50652,1099,88.49,2026-02-06,BC
50653,1015,17.01,2026-03-05,ON
50654,1064,18.44,2026-03-03,QC
50655,1089,24.22,2026-03-02,ON
50656,1028,62.51,2026-02-02,ON
50657,1074,40.17,2026-03-07,QC
50658,1039,24.39,2026-01-30,ON
50659,1057,82.14,2026-01-20,BC
50660,1017,12.52,2026-03-01,QC
50661,1086,23.59,2026-01-24,AB
50662,1090,34.57,2026-01-04,AB
50663,1044,110.5,2026-02-06,AB
50664,1025,24.08,2026-01-04,QC
50665,1017,54.35,2026-01-18,QC
50666,1013,34.53,2026-03-07,AB
50667,1084,16.14,2026-02-17,AB
50668,1025,53.68,2026-02-02,QC
50669,1068,31.3,2026-02-27,ON
50670,1010,26.47,2026-01-28,ON
50671,1067,14.45,2026-02-04,ON
50672,1018,40.37,2026-01-10,ON
50673,1100,94.68,2026-03-06,ON
50674,1086,24.87,2026-02-11,AB
50675,1034,17.13,2026-01-09,QC
50676,1008,11.21,2026-03-01,AB
50677,1040,10.51,2026-01-15,QC
50678,1083,35.14,2026-02-26,BC
50679,1042,40.65,2026-01-22,ON
50680,1041,49.64,2026-03-05,MB
50681,1006,36.23,2026-02-10,QC
50682,1052,43.36,2026-02-25,AB
50683,1026,93.93,2026-01-23,MB
50684,1064,82.04,2026-01-25,QC
50685,1098,79.46,2026-01-06,BC
50686,1059,71.95,2026-02-03,QC
50687,1056,58.29,2026-03-04,QC
50688,1059,12.32,2026-01-09,QC
50689,1070,33.09,2026-03-01,AB
50690,1033,46.0,2026-02-18,BC
50691,1053,20.62,2026-02-20,ON
50692,1022,104.07,2026-03-01,ON
50693,1021,30.58,2026-02-06,MB
50694,1070,11.53,2026-01-31,AB
50695,1070,29.34,2026-02-10,AB
50696,1004,50.41,2026-03-03,ON
50697,1094,20.63,2026-02-27,BC
50698,1075,34.83,2026-01-14,QC
50699,1062,11.69,2026-02-05,ON
50700,1062,28.23,2026-02-05,ON
50701,1094,38.74,2026-01-08,BC
50702,1095,36.14,2026-01-26,ON
50703,1024,63.83,2026-02-05,BC
50704,1055,18.99,2026-02-17,ON
50705,1009,48.49,2026-01-28,ON
50706,1003,55.25,2026-03-09,AB
50707,1031,23.35,2026-03-03,ON
50708,1040,20.53,2026-02-20,QC
50709,1036,104.58,2026-02-11,ON
50710,1024,31.15,2026-01-29,BC
50711,1095,50.01,2026-01-10,ON
50712,1006,51.44,2026-02-08,QC
50713,1066,13.67,2026-01-01,ON
50714,1084,43.96,2026-02-08,AB
50715,1092,42.48,2026-01-21,ON
50716,1075,104.95,2026-03-06,QC
50717,1004,42.47,2026-01-15,ON
50718,1079,62.3,2026-01-04,MB
50719,1006,63.94,2026-03-01,QC
50720,1094,31.84,2026-03-02,BC
50721,1051,129.83,2026-01-20,ON
50722,1062,22.47,2026-01-10,ON
50723,1057,11.6,2026-02-03,BC
50724,1066,27.43,2026-02-17,ON
50725,1079,10.31,2026-02-02,MB
50726,1075,23.5,2026-03-02,QC
50727,1008,38.44,2026-01-10,AB
50728,1026,45.27,2026-02-23,MB
50729,1051,29.53,2026-03-06,ON
50730,1045,23.34,2026-01-01,ON
50731,1044,27.17,2026-01-05,AB
50732,1005,54.4,2026-01-15,AB
50733,1070,18.06,2026-01-28,AB
50734,1026,23.43,2026-01-23,MB
50735,1068,47.6,2026-01-17,ON
50736,1019,40.97,2026-01-13,ON
50737,1084,11.22,2026-01-14,AB
50738,1097,73.42,2026-01-11,QC
50739,1020,27.67,2026-01-28,ON
50740,1012,16.64,2026-02-11,QC
50741,1047,14.07,2026-03-02,QC
50742,1001,74.08,2026-03-05,BC
50743,1090,7.98,2026-01-31,AB
50744,1014,50.32,2026-01-10,AB
50745,1064,65.33,2026-01-08,QC
50746,1038,29.26,2026-01-21,ON
50747,1037,98.59,2026-02-28,MB
50748,1011,18.78,2026-02-19,ON
50749,1100,54.14,2026-01-30,ON
50750,1077,41.31,2026-01-17,ON
50751,1003,106.72,2026-01-20,AB
50752,1033,31.59,2026-02-17,BC
50753,1006,50.55,2026-01-02,QC
50754,1050,41.14,2026-02-06,QC
50755,1010,12.41,2026-01-01,ON
50756,1005,34.7,2026-01-04,AB
50757,1023,25.25,2026-02-23,QC
50758,1010,41.32,2026-01-25,ON
50759,1044,51.2,2026-01-03,AB
50760,1002,86.36,2026-01-09,AB
50761,1013,7.11,2026-02-03,AB
50762,1040,38.34,2026-02-12,QC
50763,1002,14.81,2026-01-22,AB
50764,1084,54.61,2026-01-02,AB
50765,1065,134.74,2026-03-07,MB
50766,1063,30.39,2026-02-01,BC
50767,1073,21.82,2026-01-16,AB
50768,1017,27.55,2026-01-01,QC
50769,1009,14.95,2026-02-17,ON
50770,1075,5.96,2026-02-19,QC
50771,1015,45.49,2026-01-13,ON
50772,1024,37.17,2026-01-15,BC
50773,1038,22.23,2026-02-22,ON
50774,1035,17.28,2026-02-13,ON
50775,1094,65.0,2026-01-08,BC
50776,1095,81.9,2026-02-15,ON
50777,1049,41.86,2026-01-19,BC
50778,1069,8.28,2026-02-07,MB
50779,1062,33.74,2026-01-11,ON
50780,1060,47.71,2026-02-12,ON
50781,1050,31.22,2026-01-20,QC
50782,1078,33.79,2026-01-20,AB
50783,1075,23.36,2026-01-21,QC
50784,1009,31.71,2026-02-26,ON
50785,1034,69.0,2026-02-19,QC
50786,1076,43.53,2026-01-26,ON
50787,1099,25.87,2026-01-30,BC
50788,1035,31.29,2026-01-31,ON
50789,1001,86.57,2026-02-11,BC
50790,1040,17.53,2026-03-09,QC
50791,1064,23.53,2026-03-02,QC
50792,1022,33.74,2026-03-02,ON
50793,1060,24.79,2026-03-09,ON
50794,1064,83.94,2026-01-17,QC
50795,1093,70.09,2026-01-19,ON
50796,1072,33.22,2026-02-20,BC
50797,1011,127.89,2026-03-04,ON
50798,1014,45.76,2026-01-30,AB
50799,1060,94.65,2026-01-25,ON
50800,1030,88.96,2026-01-26,ON
50801,1035,50.23,2026-02-25,ON
50802,1085,16.66,2026-01-22,AB
50803,1037,39.83,2026-01-19,MB
50804,1005,22.97,2026-01-31,AB
50805,1083,53.94,2026-01-26,BC
50806,1078,48.4,2026-02-11,AB
50807,1026,44.28,2026-02-10,MB
50808,1062,62.96,2026-01-23,ON
50809,1004,47.01,2026-02-16,ON
50810,1089,36.0,2026-01-13,ON
50811,1042,15.75,2026-03-07,ON
50812,1089,24.56,2026-03-07,ON
50813,1018,18.49,2026-01-16,ON
50814,1040,65.47,2026-01-28,QC
50815,1072,34.45,2026-02-04,BC
50816,1039,44.41,2026-02-10,ON
50817,1014,27.43,2026-01-31,AB
50818,1032,75.92,2026-02-01,ON
50819,1051,56.24,2026-02-23,ON
50820,1038,40.94,2026-02-28,ON
50821,1097,36.99,2026-02-10,QC
50822,1023,21.37,2026-03-07,QC
50823,1063,24.94,2026-02-23,BC
50824,1015,12.42,2026-02-09,ON
50825,1097,56.97,2026-01-28,QC
50826,1025,60.33,2026-02-06,QC
50827,1017,62.04,2026-03-06,QC
50828,1097,19.34,2026-02-24,QC
50829,1066,90.8,2026-01-04,ON
50830,1078,30.46,2026-01-10,AB
50831,1053,52.7,2026-02-16,ON
50832,1051,15.53,2026-01-14,ON
50833,1039,78.35,2026-02-07,ON
50834,1051,58.82,2026-01-12,ON
50835,1070,31.34,2026-02-14,AB
50836,1006,27.63,2026-01-17,QC
50837,1067,57.9,2026-02-04,ON
50838,1007,78.21,2026-03-07,AB
50839,1051,21.47,2026-02-10,ON
50840,1072,35.88,2026-03-08,BC
50841,1042,26.94,2026-01-29,ON
50842,1064,80.57,2026-01-18,QC
50843,1015,25.16,2026-01-20,ON
50844,1029,15.94,2026-01-14,QC
50845,1033,59.58,2026-02-03,BC
50846,1094,86.05,2026-02-18,BC
50847,1027,57.38,2026-02-23,MB
50848,1036,74.36,2026-01-31,ON
50849,1029,122.42,2026-02-27,QC
50850,1038,107.27,2026-02-11,ON
50851,1057,108.03,2026-02-27,BC
50852,1097,27.17,2026-01-30,QC
50853,1027,60.0,2026-01-25,MB
50854,1055,42.61,2026-03-04,ON
50855,1033,42.11,2026-01-19,BC
50856,1068,76.35,2026-01-08,ON
50857,1086,54.62,2026-01-03,AB
50858,1066,36.65,2026-03-08,ON
50859,1010,24.15,2026-01-17,ON
50860,1005,54.93,2026-01-14,AB
50861,1074,34.36,2026-01-09,QC
50862,1097,76.12,2026-03-03,QC
50863,1038,74.62,2026-01-21,ON
50864,1013,49.89,2026-02-06,AB
50865,1031,18.3,2026-01-11,ON
50866,1047,29.08,2026-01-20,QC
50867,1100,110.86,2026-02-04,ON
50868,1088,53.75,2026-02-22,ON
50869,1052,85.86,2026-02-16,AB
50870,1056,18.89,2026-02-21,QC
50871,1015,196.37,2026-01-08,ON
50872,1029,11.26,2026-01-04,QC
50873,1008,54.27,2026-01-27,AB
50874,1005,10.58,2026-02-13,AB
50875,1029,76.12,2026-02-09,QC
50876,1047,21.53,2026-02-16,QC
50877,1068,34.63,2026-02-13,ON
50878,1076,47.66,2026-02-17,ON
50879,1045,63.52,2026-02-21,ON
50880,1002,34.22,2026-03-09,AB
50881,1027,44.11,2026-01-11,MB
50882,1095,46.36,2026-01-04,ON
50883,1036,40.3,2026-02-17,ON
50884,1036,33.84,2026-01-26,ON
50885,1026,27.32,2026-02-08,MB
50886,1043,48.0,2026-02-27,BC
50887,1027,46.95,2026-01-19,MB
50888,1069,23.92,2026-02-27,MB
50889,1020,33.95,2026-01-28,ON
50890,1011,10.65,2026-03-07,ON
50891,1074,32.72,2026-01-10,QC
50892,1038,10.87,2026-02-27,ON
50893,1006,27.75,2026-01-14,QC
50894,1072,18.4,2026-01-15,BC
50895,1023,22.29,2026-02-02,QC
50896,1047,87.66,2026-01-17,QC
50897,1090,16.73,2026-01-24,AB
50898,1046,29.47,2026-01-30,BC
50899,1012,47.66,2026-03-03,QC
50900,1090,9.29,2026-01-13,AB
50901,1013,34.61,2026-03-03,AB
50902,1062,44.82,2026-02-16,ON
50903,1082,17.73,2026-01-16,ON
50904,1089,13.4,2026-03-07,ON
50905,1097,62.85,2026-02-12,QC
50906,1060,9.5,2026-01-08,ON
50907,1043,29.16,2026-01-03,BC
50908,1076,16.13,2026-01-12,ON
50909,1100,7.14,2026-01-16,ON
50910,1068,76.83,2026-02-28,ON
50911,1005,59.21,2026-02-18,AB
50912,1037,80.97,2026-03-04,MB
50913,1072,41.99,2026-03-03,BC
50914,1092,16.15,2026-02-18,ON
50915,1031,27.03,2026-02-20,ON
50916,1009,12.97,2026-02-02,ON
50917,1051,31.77,2026-01-30,ON
50918,1029,73.64,2026-02-28,QC
50919,1078,27.18,2026-01-15,AB
50920,1040,48.06,2026-01-23,QC
50921,1041,45.56,2026-02-14,MB
50922,1086,15.29,2026-03-03,AB
50923,1011,15.55,2026-01-15,ON
50924,1023,58.47,2026-02-15,QC
50925,1001,20.19,2026-03-05,BC
50926,1046,49.83,2026-02-15,BC
50927,1021,19.95,2026-02-25,MB
50928,1090,23.07,2026-02-13,AB
50929,1036,49.15,2026-01-29,ON
50930,1054,33.64,2026-03-03,ON
50931,1087,30.09,2026-02-21,BC
50932,1057,18.66,2026-02-23,BC
50933,1001,41.42,2026-02-26,BC
50934,1063,20.93,2026-03-07,BC
50935,1054,53.64,2026-01-22,ON
50936,1055,18.92,2026-01-20,ON
50937,1040,29.86,2026-02-02,QC
50938,1015,54.27,2026-01-25,ON
50939,1021,46.58,2026-02-15,MB
50940,1047,48.99,2026-02-26,QC
50941,1073,34.8,2026-01-05,AB
50942,1053,16.16,2026-02-24,ON
50943,1009,64.65,2026-03-02,ON
50944,1074,37.63,2026-01-08,QC
50945,1052,24.1,2026-01-16,AB
50946,1057,22.77,2026-02-17,BC
50947,1026,98.6,2026-03-02,MB
50948,1041,33.3,2026-01-15,MB
50949,1035,13.67,2026-03-06,ON
50950,1063,78.66,2026-01-22,BC
50951,1025,29.76,2026-01-03,QC
50952,1090,25.13,2026-02-23,AB
50953,1075,17.1,2026-01-14,QC
50954,1038,38.89,2026-02-05,ON
50955,1002,66.87,2026-03-08,AB
50956,1007,39.81,2026-01-10,AB
50957,1082,26.78,2026-02-18,ON
50958,1091,12.16,2026-03-06,BC
50959,1034,31.14,2026-02-26,QC
50960,1091,45.19,2026-01-27,BC
50961,1017,20.18,2026-01-05,QC
50962,1043,80.85,2026-02-26,BC
50963,1059,27.27,2026-01-15,QC
50964,1051,47.45,2026-01-30,ON
50965,1054,28.09,2026-01-20,ON
50966,1024,61.43,2026-02-06,BC
50967,1025,41.36,2026-01-03,QC
50968,1071,95.69,2026-02-10,ON
50969,1052,42.02,2026-02-08,AB
50970,1070,53.16,2026-01-26,AB
50971,1088,43.65,2026-01-02,ON
50972,1033,16.3,2026-01-23,BC
50973,1049,77.58,2026-01-23,BC
50974,1029,47.64,2026-01-16,QC
50975,1063,54.09,2026-01-09,BC
50976,1022,71.04,2026-01-13,ON
50977,1026,72.97,2026-01-28,MB
50978,1028,17.39,2026-01-27,ON
50979,1085,15.01,2026-02-20,AB
50980,1049,21.32,2026-03-05,BC
50981,1071,15.34,2026-02-21,ON
50982,1081,27.64,2026-02-07,ON
50983,1084,16.52,2026-03-06,AB
50984,1049,17.3,2026-01-18,BC
50985,1020,46.65,2026-03-04,ON
50986,1086,11.31,2026-02-20,AB
50987,1092,38.59,2026-01-09,ON
50988,1063,64.48,2026-01-13,BC
50989,1061,64.15,2026-02-09,BC
50990,1049,55.19,2026-02-24,BC
50991,1071,59.84,2026-02-12,ON
50992,1001,57.58,2026-02-13,BC
50993,1096,17.01,2026-03-09,ON
50994,1013,31.83,2026-02-02,AB
50995,1094,56.14,2026-01-24,BC
50996,1087,26.97,2026-02-05,BC
50997,1051,27.16,2026-01-10,ON
50998,1056,44.61,2026-01-20,QC
50999,1083,104.99,2026-01-12,BC
51000,1062,62.81,2026-03-03,ON
51001,1032,11.52,2026-01-18,ON
51002,1030,41.61,2026-03-04,ON
51003,1029,18.48,2026-01-25,QC
51004,1049,65.53,2026-01-12,BC
51005,1045,82.21,2026-01-21,ON
51006,1093,115.93,2026-01-25,ON
51007,1030,63.92,2026-01-11,ON
51008,1016,51.89,2026-03-05,QC
51009,1040,53.19,2026-02-19,QC
51010,1019,18.21,2026-03-03,ON
51011,1018,35.89,2026-02-18,ON
51012,1001,42.33,2026-01-14,BC
51013,1078,23.69,2026-01-01,AB
51014,1047,50.5,2026-01-25,QC
51015,1066,126.09,2026-02-28,ON
51016,1092,55.74,2026-01-05,ON
51017,1094,36.66,2026-01-19,BC
51018,1038,51.38,2026-01-23,ON
51019,1051,41.79,2026-01-09,ON
51020,1063,31.14,2026-02-19,BC
51021,1004,13.51,2026-01-16,ON
51022,1001,58.2,2026-02-02,BC
51023,1008,50.7,2026-01-02,AB
51024,1029,50.82,2026-01-14,QC
51025,1055,77.87,2026-01-01,ON
51026,1003,26.66,2026-02-27,AB
51027,1032,36.6,2026-01-16,ON
51028,1010,20.83,2026-02-16,ON
51029,1074,25.95,2026-02-13,QC
51030,1083,14.76,2026-01-14,BC
51031,1034,21.78,2026-01-24,QC
51032,1097,47.79,2026-02-24,QC
51033,1087,118.71,2026-01-15,BC
51034,1055,16.62,2026-02-03,ON
51035,1092,30.9,2026-01-02,ON
51036,1032,105.57,2026-01-27,ON
51037,1050,52.95,2026-01-23,QC
51038,1007,45.7,2026-03-09,AB
51039,1093,19.97,2026-01-14,ON
51040,1008,33.05,2026-03-04,AB
51041,1065,24.56,2026-03-06,MB
51042,1057,49.87,2026-03-09,BC
51043,1067,50.64,2026-03-04,ON
51044,1088,27.71,2026-03-05,ON
51045,1087,31.42,2026-02-01,BC
51046,1059,78.04,2026-01-13,QC
51047,1072,83.81,2026-03-07,BC
51048,1054,29.52,2026-01-19,ON
51049,1067,30.1,2026-01-24,ON
51050,1051,15.96,2026-01-11,ON
51051,1097,31.34,2026-02-28,QC
51052,1092,38.7,2026-01-15,ON
51053,1008,48.32,2026-01-10,AB
51054,1034,32.15,2026-02-10,QC
51055,1035,87.71,2026-01-27,ON
51056,1096,90.54,2026-03-01,ON
51057,1088,120.63,2026-02-21,ON
51058,1078,48.24,2026-01-28,AB
51059,1032,31.2,2026-03-06,ON
51060,1046,45.92,2026-01-17,BC
51061,1016,32.69,2026-02-13,QC
51062,1068,78.35,2026-01-10,ON
51063,1037,58.26,2026-03-04,MB
51064,1054,27.55,2026-02-16,ON
51065,1085,58.9,2026-02-07,AB
51066,1014,10.38,2026-02-22,AB
51067,1095,94.38,2026-02-13,ON
51068,1055,23.47,2026-02-23,ON
51069,1048,86.6,2026-01-20,BC
51070,1082,27.52,2026-01-31,ON
51071,1007,40.27,2026-01-07,AB
51072,1074,30.38,2026-02-27,QC
51073,1007,51.15,2026-01-10,AB
51074,1033,16.56,2026-01-10,BC
51075,1023,7.46,2026-02-08,QC
51076,1085,82.66,2026-01-28,AB
51077,1019,93.81,2026-01-30,ON
51078,1019,27.49,2026-02-06,ON
51079,1036,21.0,2026-03-08,ON
51080,1029,32.86,2026-02-12,QC
51081,1060,16.81,2026-02-21,ON
51082,1082,48.04,2026-02-25,ON
51083,1002,29.59,2026-03-09,AB
51084,1001,26.88,2026-01-09,BC
51085,1047,25.23,2026-01-23,QC
51086,1069,35.67,2026-03-04,MB
51087,1020,29.9,2026-03-02,ON
51088,1011,36.27,2026-02-09,ON
51089,1002,23.74,2026-02-13,AB
51090,1067,71.58,2026-01-24,ON
51091,1087,48.04,2026-02-20,BC
51092,1012,36.45,2026-02-27,QC
51093,1020,18.33,2026-02-02,ON
51094,1005,68.75,2026-01-16,AB
51095,1037,24.57,2026-01-22,MB
51096,1038,40.17,2026-02-26,ON
51097,1094,25.29,2026-03-03,BC
51098,1009,58.27,2026-01-30,ON
51099,1098,24.93,2026-01-23,BC
51100,1053,59.06,2026-02-01,ON
51101,1044,22.06,2026-02-26,AB
51102,1099,9.19,2026-01-09,BC
51103,1086,23.76,2026-01-31,AB
51104,1024,45.28,2026-01-09,BC
51105,1081,16.13,2026-01-13,ON
51106,1074,34.09,2026-02-27,QC
51107,1030,34.14,2026-01-03,ON
51108,1059,104.21,2026-02-04,QC
51109,1087,20.61,2026-01-21,BC
51110,1096,97.41,2026-03-05,ON
51111,1081,20.7,2026-02-21,ON
51112,1081,53.76,2026-02-03,ON
51113,1014,30.61,2026-02-04,AB
51114,1009,27.63,2026-01-15,ON
51115,1040,13.38,2026-01-06,QC
51116,1066,53.53,2026-02-01,ON
51117,1025,70.3,2026-02-21,QC
51118,1073,52.38,2026-01-28,AB
51119,1022,23.4,2026-03-05,ON
51120,1004,29.52,2026-01-19,ON
51121,1026,33.29,2026-01-15,MB
51122,1058,56.53,2026-01-06,ON
51123,1029,76.22,2026-02-07,QC
51124,1098,31.61,2026-01-26,BC
51125,1087,9.92,2026-02-20,BC
51126,1037,9.85,2026-02-22,MB
51127,1075,21.9,2026-02-25,QC
51128,1070,68.5,2026-02-28,AB
51129,1018,54.41,2026-02-27,ON
51130,1085,58.57,2026-01-13,AB
51131,1042,22.91,2026-02-12,ON
51132,1100,27.95,2026-02-20,ON
51133,1041,67.18,2026-01-19,MB
51134,1038,100.27,2026-01-21,ON
51135,1034,68.07,2026-01-24,QC
51136,1017,68.1,2026-01-26,QC
51137,1037,22.21,2026-02-14,MB
51138,1025,56.99,2026-01-28,QC
51139,1076,14.59,2026-01-29,ON
51140,1087,74.42,2026-01-17,BC
51141,1086,47.46,2026-03-09,AB
51142,1085,31.48,2026-02-13,AB
51143,1027,8.12,2026-03-02,MB
51144,1057,30.81,2026-03-09,BC
51145,1031,37.75,2026-01-25,ON
51146,1006,40.33,2026-03-08,QC
51147,1091,31.78,2026-01-02,BC
51148,1040,26.13,2026-02-18,QC
51149,1098,20.53,2026-01-26,BC
51150,1012,100.21,2026-01-27,QC
51151,1053,118.35,2026-01-18,ON
51152,1071,43.66,2026-02-23,ON
51153,1010,21.69,2026-01-01,ON
51154,1045,17.67,2026-03-02,ON
51155,1017,31.62,2026-01-03,QC
51156,1026,115.48,2026-03-09,MB
51157,1085,45.06,2026-02-10,AB
51158,1092,79.12,2026-02-06,ON
51159,1062,78.18,2026-02-20,ON
51160,1046,58.18,2026-01-15,BC
51161,1064,16.74,2026-01-08,QC
51162,1002,78.37,2026-02-07,AB
51163,1054,15.41,2026-02-25,ON
51164,1065,22.31,2026-02-16,MB
51165,1051,46.31,2026-01-10,ON
51166,1053,29.5,2026-02-18,ON
51167,1036,46.0,2026-02-10,ON
51168,1026,14.8,2026-01-30,MB
51169,1029,22.34,2026-01-05,QC
51170,1021,56.64,2026-01-31,MB
51171,1011,172.9,2026-02-21,ON
51172,1040,90.0,2026-01-23,QC
51173,1011,11.84,2026-02-17,ON
51174,1036,31.55,2026-02-09,ON
51175,1059,24.77,2026-01-06,QC
51176,1039,37.53,2026-02-07,ON
51177,1099,45.94,2026-02-10,BC
51178,1054,25.83,2026-01-27,ON
51179,1098,71.99,2026-02-26,BC
51180,1055,80.17,2026-01-17,ON
51181,1024,77.36,2026-02-16,BC
51182,1022,19.82,2026-01-13,ON
51183,1069,47.5,2026-01-11,MB
51184,1056,72.86,2026-01-24,QC
51185,1033,64.29,2026-01-04,BC
51186,1036,61.51,2026-02-15,ON
51187,1020,91.02,2026-01-18,ON
51188,1083,27.82,2026-02-12,BC
51189,1099,10.58,2026-02-02,BC
51190,1081,31.26,2026-01-10,ON
51191,1062,32.51,2026-02-28,ON
51192,1098,157.37,2026-01-31,BC
51193,1073,24.35,2026-01-28,AB
51194,1026,79.05,2026-03-01,MB
51195,1066,138.56,2026-01-03,ON
51196,1073,119.51,2026-02-24,AB
51197,1073,37.83,2026-01-14,AB
51198,1040,64.93,2026-02-27,QC
51199,1017,44.89,2026-01-15,QC
51200,1001,21.62,2026-01-02,BC
51201,1089,87.51,2026-01-24,ON
51202,1061,56.31,2026-03-05,BC
51203,1043,19.77,2026-01-24,BC
51204,1042,29.58,2026-01-27,ON
51205,1025,34.48,2026-02-06,QC
51206,1039,80.96,2026-02-08,ON
51207,1035,16.27,2026-03-04,ON
51208,1003,16.23,2026-01-26,AB
51209,1044,44.29,2026-03-06,AB
51210,1051,18.91,2026-01-04,ON
51211,1094,33.87,2026-01-29,BC
51212,1098,27.13,2026-01-01,BC
51213,1012,8.39,2026-02-19,QC
51214,1019,23.57,2026-01-11,ON
51215,1044,33.12,2026-02-28,AB
51216,1059,69.77,2026-03-03,QC
51217,1049,120.8,2026-02-05,BC
51218,1061,21.99,2026-02-25,BC
51219,1017,42.99,2026-01-21,QC
51220,1074,53.34,2026-01-13,QC
51221,1057,149.67,2026-01-09,BC
51222,1055,26.2,2026-01-11,ON
51223,1047,21.11,2026-01-01,QC
51224,1012,29.84,2026-02-25,QC
51225,1062,21.0,2026-01-31,ON
51226,1080,59.03,2026-02-06,BC
51227,1088,71.23,2026-02-16,ON
51228,1083,45.36,2026-02-16,BC
51229,1008,43.34,2026-02-27,AB
51230,1095,88.68,2026-02-05,ON
51231,1021,33.33,2026-02-01,MB
51232,1081,63.7,2026-03-05,ON
51233,1087,32.93,2026-02-11,BC
51234,1080,16.59,2026-02-17,BC
51235,1070,80.02,2026-01-30,AB
51236,1072,47.21,2026-01-21,BC
51237,1025,75.36,2026-03-01,QC
51238,1082,50.83,2026-01-13,ON
51239,1089,54.97,2026-01-01,ON
51240,1012,21.43,2026-03-06,QC
51241,1015,54.03,2026-02-02,ON
51242,1059,88.13,2026-02-07,QC
51243,1026,36.23,2026-01-25,MB
51244,1026,25.3,2026-01-26,MB
51245,1047,65.23,2026-02-28,QC
51246,1032,15.18,2026-02-02,ON
51247,1010,95.46,2026-02-10,ON
51248,1016,32.64,2026-01-30,QC
51249,1071,63.83,2026-02-26,ON
51250,1017,47.47,2026-02-18,QC
51251,1023,80.28,2026-02-17,QC
51252,1026,83.01,2026-02-18,MB
51253,1085,44.14,2026-02-16,AB
51254,1086,106.83,2026-02-25,AB
51255,1007,14.28,2026-03-06,AB
51256,1014,53.16,2026-01-12,AB
51257,1079,89.14,2026-01-06,MB
51258,1007,54.79,2026-03-06,AB
51259,1009,25.26,2026-01-25,ON
51260,1048,44.78,2026-01-01,BC
51261,1072,26.68,2026-02-01,BC
51262,1059,26.09,2026-01-03,QC
51263,1087,46.28,2026-02-18,BC
51264,1093,6.49,2026-01-19,ON
51265,1082,33.48,2026-03-01,ON
51266,1095,43.46,2026-01-29,ON
51267,1094,41.71,2026-02-19,BC
51268,1039,22.74,2026-01-02,ON
51269,1099,54.54,2026-02-25,BC
51270,1018,40.14,2026-01-17,ON
51271,1059,127.49,2026-03-01,QC
51272,1017,56.23,2026-02-05,QC
51273,1014,27.25,2026-03-02,AB
51274,1031,64.34,2026-01-17,ON
51275,1024,11.41,2026-02-18,BC
51276,1099,41.52,2026-03-01,BC
51277,1060,47.27,2026-01-20,ON
51278,1045,41.83,2026-02-19,ON
51279,1098,21.82,2026-01-03,BC
51280,1003,41.04,2026-02-12,AB
51281,1037,17.06,2026-02-26,MB
51282,1043,108.11,2026-02-19,BC
51283,1040,41.27,2026-03-09,QC
51284,1090,53.23,2026-02-19,AB
51285,1055,13.74,2026-02-06,ON
51286,1087,25.75,2026-02-15,BC
51287,1039,57.07,2026-02-11,ON
51288,1015,73.05,2026-01-15,ON
51289,1004,20.12,2026-02-02,ON
51290,1093,53.07,2026-01-11,ON
51291,1086,30.12,2026-01-20,AB
51292,1025,10.87,2026-01-24,QC
51293,1013,25.17,2026-03-05,AB
51294,1082,74.63,2026-03-06,ON
51295,1033,79.95,2026-01-17,BC
51296,1016,46.19,2026-03-02,QC
51297,1042,42.63,2026-01-15,ON
51298,1066,29.74,2026-02-20,ON
51299,1055,7.64,2026-01-27,ON
51300,1099,49.72,2026-03-02,BC
51301,1042,21.19,2026-02-27,ON
51302,1034,87.6,2026-01-31,QC
51303,1030,16.35,2026-01-12,ON
51304,1013,77.4,2026-02-15,AB
51305,1013,10.63,2026-01-31,AB
51306,1018,158.46,2026-02-01,ON
51307,1032,14.13,2026-02-01,ON
51308,1096,80.12,2026-02-22,ON
51309,1099,24.68,2026-03-02,BC
51310,1039,56.86,2026-02-15,ON
51311,1046,108.58,2026-01-07,BC
51312,1029,32.01,2026-01-04,QC
51313,1062,149.46,2026-02-21,ON
51314,1093,110.28,2026-01-31,ON
51315,1062,12.92,2026-02-05,ON
51316,1057,38.29,2026-02-23,BC
51317,1016,32.79,2026-02-23,QC
51318,1056,40.02,2026-01-17,QC
51319,1010,29.87,2026-01-30,ON
51320,1030,20.21,2026-01-22,ON
51321,1025,36.76,2026-02-12,QC
51322,1084,55.64,2026-01-27,AB
51323,1005,6.45,2026-02-06,AB
51324,1065,68.82,2026-02-15,MB
51325,1094,43.34,2026-02-04,BC
51326,1049,96.95,2026-01-04,BC
51327,1003,28.24,2026-01-26,AB
51328,1045,25.63,2026-01-19,ON
51329,1014,21.81,2026-02-14,AB
51330,1030,53.73,2026-01-26,ON
51331,1068,9.86,2026-01-22,ON
51332,1018,22.9,2026-02-27,ON
51333,1062,43.77,2026-03-04,ON
51334,1037,12.77,2026-01-28,MB
51335,1025,40.82,2026-03-06,QC
51336,1048,86.14,2026-02-13,BC
51337,1065,79.14,2026-02-12,MB
51338,1053,35.64,2026-02-06,ON
51339,1079,71.37,2026-03-07,MB
51340,1073,52.32,2026-01-17,AB
51341,1015,43.74,2026-02-09,ON
51342,1049,58.07,2026-02-07,BC
51343,1088,29.79,2026-03-02,ON
51344,1068,31.69,2026-01-09,ON
51345,1012,51.38,2026-03-02,QC
51346,1059,38.34,2026-01-16,QC
51347,1037,77.74,2026-01-02,MB
51348,1061,63.24,2026-02-12,BC
51349,1043,63.02,2026-02-11,BC
51350,1070,54.97,2026-02-26,AB
51351,1039,43.41,2026-03-08,ON
51352,1056,62.06,2026-01-30,QC
51353,1063,73.64,2026-01-13,BC
51354,1046,49.2,2026-01-19,BC
51355,1088,21.3,2026-01-07,ON
51356,1011,38.91,2026-01-09,ON
51357,1062,13.05,2026-02-23,ON
51358,1077,83.98,2026-03-02,ON
51359,1098,62.21,2026-01-02,BC
51360,1025,21.11,2026-02-19,QC
51361,1071,24.42,2026-01-31,ON
51362,1052,86.35,2026-02-02,AB
51363,1004,23.46,2026-01-11,ON
51364,1059,12.59,2026-02-02,QC
51365,1072,16.5,2026-01-07,BC
51366,1020,31.35,2026-01-31,ON
51367,1093,27.93,2026-02-17,ON
51368,1063,29.51,2026-02-16,BC
51369,1054,60.5,2026-02-22,ON
51370,1074,25.77,2026-01-19,QC
51371,1098,50.5,2026-01-06,BC
51372,1057,16.78,2026-02-18,BC
51373,1090,81.24,2026-02-19,AB
51374,1041,17.96,2026-01-12,MB
51375,1003,39.09,2026-01-23,AB
51376,1006,35.11,2026-02-23,QC
51377,1005,47.93,2026-02-28,AB
51378,1005,64.19,2026-02-05,AB
51379,1054,28.49,2026-01-03,ON
51380,1047,65.28,2026-02-27,QC
51381,1087,77.77,2026-02-24,BC
51382,1049,33.34,2026-02-26,BC
51383,1009,110.12,2026-01-17,ON
51384,1099,47.87,2026-02-08,BC
51385,1020,30.43,2026-03-09,ON
51386,1061,40.74,2026-02-24,BC
51387,1035,110.12,2026-02-14,ON
51388,1050,49.1,2026-01-01,QC
51389,1082,49.07,2026-01-21,ON
51390,1062,52.1,2026-01-21,ON
51391,1017,68.86,2026-02-21,QC
51392,1088,48.56,2026-02-12,ON
51393,1003,56.63,2026-02-21,AB
51394,1032,40.25,2026-03-08,ON
51395,1099,43.41,2026-02-13,BC
51396,1013,71.25,2026-02-01,AB
51397,1089,22.82,2026-01-10,ON
51398,1073,38.95,2026-03-05,AB
51399,1068,31.97,2026-03-09,ON
51400,1014,14.02,2026-01-28,AB
51401,1098,15.32,2026-02-22,BC
51402,1011,38.73,2026-02-20,ON
51403,1056,73.37,2026-02-22,QC
51404,1067,44.19,2026-01-04,ON
51405,1092,25.83,2026-01-17,ON
51406,1029,89.09,2026-03-08,QC
51407,1009,29.41,2026-02-16,ON
51408,1067,18.67,2026-02-25,ON
51409,1025,111.27,2026-01-23,QC
51410,1098,40.56,2026-01-18,BC
51411,1076,101.73,2026-01-01,ON
51412,1042,38.26,2026-02-04,ON
51413,1009,38.88,2026-03-05,ON
51414,1079,13.58,2026-02-27,MB
51415,1040,28.86,2026-02-28,QC
51416,1025,52.29,2026-01-01,QC
51417,1005,59.14,2026-01-03,AB
51418,1011,42.34,2026-03-08,ON
51419,1059,31.43,2026-02-06,QC
51420,1098,39.22,2026-01-29,BC
51421,1088,18.02,2026-02-02,ON
51422,1079,91.81,2026-03-02,MB
51423,1038,63.83,2026-01-04,ON
51424,1072,35.66,2026-01-14,BC
51425,1005,27.94,2026-02-02,AB
51426,1048,115.65,2026-01-22,BC
51427,1090,25.02,2026-02-17,AB
51428,1018,33.14,2026-01-03,ON
51429,1070,94.21,2026-01-23,AB
51430,1037,45.16,2026-03-09,MB
51431,1060,11.51,2026-01-21,ON
51432,1048,46.35,2026-02-12,BC
51433,1077,25.81,2026-01-26,ON
51434,1028,13.46,2026-02-10,ON
51435,1069,26.68,2026-02-07,MB
51436,1077,17.72,2026-01-11,ON
51437,1081,21.82,2026-01-29,ON
51438,1040,44.79,2026-03-01,QC
51439,1045,14.48,2026-03-08,ON
51440,1096,68.18,2026-03-06,ON
51441,1062,31.14,2026-03-02,ON
51442,1093,22.95,2026-01-19,ON
51443,1058,30.91,2026-02-15,ON
51444,1067,17.82,2026-02-18,ON
51445,1056,17.79,2026-01-22,QC
51446,1040,29.35,2026-02-26,QC
51447,1098,46.35,2026-01-14,BC
51448,1040,52.49,2026-02-13,QC
51449,1091,27.65,2026-01-16,BC
51450,1077,33.36,2026-01-12,ON
51451,1033,44.35,2026-02-24,BC
51452,1006,97.52,2026-02-20,QC
51453,1088,40.14,2026-02-08,ON
51454,1019,24.4,2026-02-02,ON
51455,1080,20.22,2026-02-02,BC
51456,1040,68.68,2026-01-29,QC
51457,1092,7.53,2026-01-31,ON
51458,1097,26.78,2026-01-31,QC
51459,1059,20.11,2026-02-15,QC
51460,1059,63.19,2026-02-21,QC
51461,1048,84.45,2026-01-10,BC
51462,1041,32.95,2026-02-10,MB
51463,1013,22.61,2026-01-03,AB
51464,1045,34.99,2026-02-28,ON
51465,1089,50.15,2026-02-21,ON
51466,1053,54.89,2026-02-03,ON
51467,1042,34.99,2026-02-18,ON
51468,1100,85.11,2026-01-28,ON
51469,1063,25.76,2026-01-13,BC
51470,1027,29.44,2026-03-08,MB
51471,1038,30.5,2026-03-02,ON
51472,1060,46.07,2026-03-01,ON
51473,1007,65.9,2026-01-24,AB
51474,1005,15.36,2026-03-04,AB
51475,1045,17.13,2026-03-02,ON
51476,1058,46.62,2026-01-23,ON
51477,1031,17.44,2026-01-30,ON
51478,1023,31.66,2026-03-01,QC
51479,1042,30.36,2026-01-18,ON
51480,1010,79.17,2026-02-25,ON
51481,1032,102.92,2026-02-22,ON
51482,1053,27.27,2026-01-07,ON
51483,1030,54.1,2026-02-21,ON
51484,1039,30.56,2026-01-04,ON
51485,1031,63.59,2026-02-03,ON
51486,1082,17.1,2026-02-02,ON
51487,1100,77.59,2026-02-07,ON
51488,1002,25.04,2026-01-26,AB
51489,1078,13.85,2026-01-01,AB
51490,1077,26.32,2026-01-04,ON
51491,1093,31.97,2026-02-08,ON
51492,1012,17.75,2026-02-23,QC
51493,1039,37.17,2026-02-02,ON
51494,1066,58.54,2026-02-02,ON
51495,1096,21.53,2026-01-20,ON
51496,1013,96.27,2026-01-16,AB
51497,1046,147.6,2026-01-21,BC
51498,1027,32.37,2026-02-14,MB
51499,1017,56.2,2026-03-03,QC
51500,1095,49.18,2026-01-31,ON
51501,1098,34.95,2026-02-11,BC
51502,1060,32.51,2026-01-12,ON
51503,1064,11.14,2026-03-06,QC
51504,1088,34.77,2026-01-03,ON
51505,1035,63.06,2026-01-09,ON
51506,1070,25.57,2026-02-20,AB
51507,1083,94.66,2026-01-16,BC
51508,1030,49.7,2026-01-03,ON
51509,1071,77.76,2026-01-24,ON
51510,1074,32.99,2026-01-13,QC
51511,1096,42.63,2026-01-02,ON
51512,1098,55.37,2026-01-21,BC
51513,1063,30.46,2026-01-19,BC
51514,1028,75.3,2026-02-16,ON
51515,1060,25.97,2026-01-22,ON
51516,1079,117.7,2026-02-02,MB
51517,1094,16.77,2026-02-01,BC
51518,1037,52.58,2026-03-05,MB
51519,1093,24.13,2026-02-08,ON
51520,1022,19.62,2026-02-11,ON
51521,1068,20.32,2026-01-09,ON
51522,1020,6.22,2026-01-25,ON
51523,1096,18.41,2026-01-02,ON
51524,1100,65.37,2026-01-19,ON
51525,1068,61.79,2026-01-20,ON
51526,1091,16.11,2026-01-17,BC
51527,1064,52.13,2026-03-09,QC
51528,1017,22.97,2026-01-03,QC
51529,1012,9.68,2026-02-20,QC
51530,1022,66.0,2026-01-26,ON
51531,1017,71.72,2026-02-25,QC
51532,1010,26.06,2026-03-05,ON
51533,1065,78.35,2026-01-08,MB
51534,1022,36.13,2026-02-06,ON
51535,1090,40.9,2026-01-27,AB
51536,1082,34.74,2026-02-14,ON
51537,1050,15.86,2026-01-04,QC
51538,1014,32.25,2026-02-06,AB
51539,1064,16.36,2026-02-02,QC
51540,1047,53.66,2026-01-31,QC
51541,1029,57.39,2026-02-24,QC
51542,1076,9.56,2026-01-12,ON
51543,1036,55.96,2026-01-11,ON
51544,1099,36.21,2026-02-01,BC
51545,1052,10.97,2026-02-26,AB
51546,1076,43.58,2026-02-07,ON
51547,1007,29.73,2026-03-01,AB
51548,1029,23.25,2026-01-19,QC
51549,1011,16.58,2026-02-25,ON
51550,1033,48.11,2026-01-14,BC
51551,1006,40.36,2026-02-02,QC
51552,1079,41.64,2026-01-10,MB
51553,1032,76.26,2026-03-05,ON
51554,1051,94.4,2026-03-05,ON
51555,1075,8.43,2026-03-03,QC
51556,1058,48.4,2026-03-09,ON
51557,1087,26.59,2026-02-12,BC
51558,1026,53.21,2026-02-28,MB
51559,1098,22.3,2026-02-21,BC
51560,1046,117.27,2026-01-19,BC
51561,1098,54.67,2026-01-21,BC
51562,1029,33.56,2026-01-22,QC
51563,1004,79.17,2026-01-09,ON
51564,1081,20.71,2026-01-09,ON
51565,1099,56.24,2026-01-27,BC
51566,1013,32.69,2026-01-17,AB
51567,1039,35.67,2026-02-13,ON
51568,1015,146.01,2026-02-14,ON
51569,1029,49.05,2026-01-08,QC
51570,1029,22.3,2026-01-18,QC
51571,1075,35.17,2026-02-02,QC
51572,1032,23.07,2026-01-01,ON
51573,1002,24.94,2026-01-06,AB
51574,1047,41.48,2026-02-10,QC
51575,1078,23.78,2026-02-24,AB
51576,1084,78.92,2026-01-05,AB
51577,1022,33.14,2026-02-28,ON
51578,1075,36.78,2026-01-18,QC
51579,1027,26.01,2026-02-18,MB
51580,1067,15.53,2026-03-06,ON
51581,1081,16.94,2026-02-23,ON
51582,1056,44.27,2026-03-02,QC
51583,1092,30.59,2026-01-08,ON
51584,1093,46.11,2026-01-03,ON
51585,1021,72.05,2026-01-25,MB
51586,1047,22.84,2026-02-24,QC
51587,1080,130.27,2026-02-09,BC
51588,1059,19.13,2026-02-19,QC
51589,1084,16.52,2026-02-02,AB
51590,1006,66.36,2026-01-18,QC
51591,1019,37.55,2026-02-26,ON
51592,1057,22.14,2026-01-16,BC
51593,1069,15.59,2026-02-07,MB
51594,1003,19.47,2026-02-10,AB
51595,1001,39.24,2026-01-07,BC
51596,1058,87.7,2026-02-22,ON
51597,1038,11.45,2026-03-04,ON
51598,1015,41.64,2026-02-01,ON
51599,1034,60.22,2026-02-07,QC
51600,1061,26.99,2026-01-22,BC
51601,1035,90.4,2026-01-16,ON
51602,1064,45.22,2026-02-21,QC
51603,1025,63.89,2026-01-29,QC
51604,1024,62.2,2026-01-16,BC
51605,1012,76.74,2026-01-17,QC
51606,1018,34.29,2026-03-05,ON
51607,1015,100.09,2026-01-13,ON
51608,1080,35.99,2026-02-25,BC
51609,1027,32.38,2026-01-05,MB
51610,1072,31.39,2026-01-12,BC
51611,1060,29.84,2026-02-10,ON
51612,1046,29.8,2026-01-03,BC
51613,1089,39.63,2026-02-02,ON
51614,1017,40.43,2026-02-19,QC
51615,1093,40.05,2026-02-25,ON
51616,1053,33.29,2026-01-09,ON
51617,1008,62.07,2026-02-19,AB
51618,1079,42.83,2026-01-29,MB
51619,1027,50.31,2026-02-08,MB
51620,1046,19.91,2026-02-14,BC
51621,1050,15.73,2026-01-17,QC
51622,1071,58.07,2026-02-25,ON
51623,1003,63.97,2026-02-15,AB
51624,1093,18.89,2026-03-08,ON
51625,1064,17.38,2026-01-14,QC
51626,1044,80.45,2026-03-08,AB
51627,1053,27.15,2026-01-23,ON
51628,1024,23.74,2026-03-02,BC
51629,1060,17.31,2026-01-23,ON
51630,1003,17.44,2026-01-27,AB
51631,1020,128.3,2026-02-23,ON
51632,1046,34.72,2026-01-10,BC
51633,1015,30.72,2026-01-16,ON
51634,1025,16.48,2026-02-10,QC
51635,1094,11.04,2026-02-24,BC
51636,1078,103.48,2026-03-02,AB
51637,1071,71.39,2026-02-18,ON
51638,1017,41.97,2026-02-21,QC
51639,1084,31.57,2026-01-02,AB
51640,1100,40.94,2026-02-19,ON
51641,1009,40.08,2026-02-12,ON
51642,1038,86.19,2026-01-08,ON
51643,1048,48.79,2026-02-28,BC
51644,1060,26.73,2026-03-06,ON
51645,1063,22.21,2026-01-12,BC
51646,1086,37.45,2026-01-04,AB
51647,1002,32.29,2026-02-10,AB
51648,1088,47.26,2026-01-07,ON
51649,1072,9.67,2026-01-30,BC
51650,1011,41.32,2026-01-06,ON
51651,1064,19.31,2026-01-19,QC
51652,1077,25.05,2026-03-07,ON
51653,1081,34.54,2026-01-10,ON
51654,1072,94.41,2026-01-16,BC
51655,1021,51.67,2026-02-06,MB
51656,1018,34.02,2026-02-01,ON
51657,1094,14.44,2026-02-16,BC
51658,1064,36.78,2026-02-12,QC
51659,1082,19.01,2026-02-05,ON
51660,1095,70.67,2026-01-26,ON
51661,1038,35.87,2026-01-10,ON
51662,1032,17.13,2026-01-31,ON
51663,1011,34.37,2026-01-29,ON
51664,1045,68.83,2026-01-05,ON
51665,1089,67.12,2026-01-01,ON
51666,1033,32.16,2026-01-03,BC
51667,1041,59.05,2026-03-08,MB
51668,1008,43.27,2026-02-04,AB
51669,1011,29.64,2026-01-15,ON
51670,1086,11.33,2026-03-08,AB
51671,1051,56.51,2026-01-30,ON
51672,1088,21.75,2026-02-12,ON
51673,1041,42.34,2026-03-01,MB
51674,1017,10.85,2026-02-09,QC
51675,1076,40.28,2026-03-06,ON
51676,1046,34.38,2026-01-29,BC
51677,1032,50.72,2026-01-19,ON
51678,1079,30.72,2026-01-03,MB
51679,1080,38.98,2026-02-05,BC
51680,1054,67.52,2026-02-12,ON
51681,1086,120.54,2026-01-15,AB
51682,1092,138.69,2026-02-10,ON
51683,1020,154.32,2026-02-05,ON
51684,1033,37.3,2026-02-02,BC
51685,1074,42.37,2026-01-05,QC
51686,1040,117.24,2026-01-14,QC
51687,1032,83.81,2026-03-09,ON
51688,1097,24.93,2026-02-16,QC
51689,1002,20.83,2026-02-23,AB
51690,1097,9.34,2026-01-04,QC
51691,1033,48.38,2026-01-09,BC
51692,1077,87.52,2026-02-22,ON
51693,1030,22.32,2026-03-01,ON
51694,1033,22.96,2026-02-15,BC
51695,1077,56.05,2026-02-23,ON
51696,1026,73.75,2026-02-06,MB
51697,1022,43.73,2026-01-23,ON
51698,1066,22.36,2026-01-27,ON
51699,1038,32.56,2026-03-07,ON
51700,1090,29.43,2026-03-02,AB
51701,1046,54.52,2026-02-20,BC
51702,1015,22.47,2026-02-19,ON
51703,1098,15.4,2026-01-19,BC
51704,1044,9.49,2026-01-01,AB
51705,1049,25.18,2026-02-09,BC
51706,1075,68.95,2026-02-01,QC
51707,1061,20.08,2026-01-22,BC
51708,1067,11.98,2026-03-07,ON
51709,1006,15.7,2026-02-09,QC
51710,1009,18.51,2026-02-07,ON
51711,1006,25.37,2026-02-17,QC
51712,1073,14.54,2026-02-24,AB
51713,1095,62.76,2026-02-24,ON
51714,1032,17.1,2026-02-20,ON
51715,1041,45.57,2026-03-01,MB
51716,1076,24.93,2026-01-08,ON
51717,1008,21.26,2026-03-09,AB
51718,1072,59.27,2026-01-09,BC
51719,1050,34.87,2026-01-02,QC
51720,1092,80.13,2026-02-28,ON
51721,1062,25.74,2026-01-19,ON
51722,1084,16.97,2026-01-28,AB
51723,1062,29.41,2026-01-14,ON
51724,1007,23.67,2026-01-24,AB
51725,1075,101.65,2026-02-13,QC
51726,1084,23.01,2026-02-25,AB
51727,1080,46.5,2026-02-20,BC
51728,1004,36.63,2026-02-01,ON
51729,1006,16.75,2026-02-19,QC
51730,1058,20.19,2026-02-10,ON
51731,1022,41.03,2026-03-07,ON
51732,1026,41.14,2026-01-25,MB
51733,1003,29.11,2026-03-02,AB
51734,1041,34.16,2026-03-07,MB
51735,1060,10.72,2026-02-11,ON
51736,1014,19.83,2026-03-06,AB
51737,1075,68.85,2026-02-05,QC
51738,1082,25.32,2026-01-09,ON
51739,1012,68.65,2026-02-05,QC
51740,1087,75.42,2026-02-07,BC
51741,1012,74.88,2026-02-02,QC
51742,1013,99.27,2026-02-11,AB
51743,1025,50.46,2026-03-02,QC
51744,1045,96.86,2026-02-15,ON
51745,1019,65.86,2026-03-02,ON
51746,1055,10.08,2026-01-18,ON
51747,1100,47.43,2026-01-15,ON
51748,1045,138.54,2026-02-17,ON
51749,1008,8.98,2026-01-13,AB
51750,1093,36.24,2026-02-12,ON
51751,1053,16.54,2026-03-01,ON
51752,1055,20.93,2026-02-26,ON
51753,1032,25.06,2026-01-17,ON
51754,1051,47.23,2026-02-19,ON
51755,1044,28.83,2026-02-01,AB
51756,1082,46.23,2026-01-22,ON
51757,1070,113.06,2026-02-24,AB
51758,1018,70.67,2026-02-26,ON
51759,1083,40.89,2026-01-13,BC
51760,1022,30.65,2026-02-16,ON
51761,1037,49.65,2026-03-03,MB
51762,1096,10.05,2026-02-23,ON
51763,1056,27.01,2026-01-29,QC
51764,1059,50.99,2026-01-22,QC
51765,1003,40.41,2026-03-06,AB
51766,1028,73.62,2026-01-29,ON
51767,1074,66.95,2026-02-17,QC
51768,1035,48.56,2026-01-05,ON
51769,1061,28.91,2026-02-04,BC
51770,1093,24.81,2026-02-15,ON
51771,1054,76.51,2026-02-04,ON
51772,1063,48.82,2026-02-14,BC
51773,1079,20.04,2026-01-13,MB
51774,1097,69.25,2026-01-10,QC
51775,1007,47.32,2026-03-07,AB
51776,1076,34.26,2026-01-25,ON
51777,1049,62.18,2026-02-13,BC
51778,1094,53.36,2026-03-01,BC
51779,1085,85.83,2026-02-16,AB
51780,1031,85.4,2026-02-09,ON
51781,1058,26.22,2026-01-07,ON
51782,1061,36.52,2026-02-15,BC
51783,1024,29.6,2026-01-23,BC
51784,1020,112.46,2026-02-15,ON
51785,1037,62.68,2026-01-13,MB
51786,1004,36.9,2026-01-21,ON
51787,1092,22.53,2026-01-01,ON
51788,1020,39.47,2026-01-19,ON
51789,1060,7.73,2026-03-01,ON
51790,1024,30.41,2026-02-02,BC
51791,1050,18.73,2026-01-04,QC
51792,1049,68.2,2026-01-03,BC
51793,1051,30.69,2026-02-21,ON
51794,1096,41.22,2026-01-28,ON
51795,1036,35.18,2026-02-24,ON
51796,1098,70.07,2026-02-26,BC
51797,1100,71.22,2026-01-16,ON
51798,1066,53.95,2026-01-24,ON
51799,1079,47.02,2026-02-10,MB
51800,1034,11.93,2026-02-16,QC
51801,1036,33.14,2026-01-31,ON
51802,1006,78.98,2026-01-30,QC
51803,1039,43.78,2026-01-18,ON
51804,1042,30.75,2026-02-13,ON
51805,1058,27.18,2026-01-27,ON
51806,1012,27.3,2026-01-26,QC
51807,1003,40.87,2026-03-01,AB
51808,1018,25.24,2026-01-18,ON
51809,1040,75.34,2026-02-25,QC
51810,1021,10.82,2026-01-31,MB
51811,1015,61.58,2026-02-28,ON
51812,1097,89.05,2026-01-02,QC
51813,1099,17.81,2026-02-08,BC
51814,1026,57.39,2026-03-02,MB
51815,1008,49.24,2026-03-04,AB
51816,1100,21.57,2026-01-18,ON
51817,1094,16.63,2026-01-17,BC
51818,1087,51.86,2026-02-08,BC
51819,1042,113.52,2026-02-23,ON
51820,1044,81.84,2026-02-04,AB
51821,1014,57.66,2026-01-11,AB
51822,1078,51.35,2026-03-02,AB
51823,1002,43.75,2026-02-13,AB
51824,1037,36.29,2026-03-09,MB
51825,1069,53.66,2026-01-25,MB
51826,1038,21.36,2026-02-17,ON
51827,1041,65.99,2026-02-01,MB
51828,1062,38.03,2026-01-04,ON
51829,1060,38.43,2026-02-07,ON
51830,1014,100.21,2026-03-04,AB
51831,1089,15.51,2026-02-16,ON
51832,1084,58.99,2026-01-01,AB
51833,1002,92.36,2026-01-03,AB
51834,1070,54.29,2026-03-03,AB
51835,1017,44.61,2026-03-05,QC
51836,1089,37.19,2026-01-17,ON
51837,1028,66.16,2026-03-03,ON
51838,1066,52.89,2026-02-04,ON
51839,1035,31.3,2026-01-13,ON
51840,1005,37.08,2026-02-04,AB
51841,1065,52.62,2026-02-12,MB
51842,1040,19.66,2026-01-02,QC
51843,1076,25.29,2026-02-25,ON
51844,1056,87.16,2026-02-20,QC
51845,1036,30.0,2026-02-23,ON
51846,1045,16.67,2026-01-16,ON
51847,1023,54.37,2026-01-18,QC
51848,1047,86.59,2026-01-07,QC
51849,1031,15.22,2026-02-14,ON
51850,1011,72.79,2026-02-05,ON
51851,1010,92.37,2026-02-10,ON
51852,1067,70.28,2026-02-11,ON
51853,1014,35.56,2026-01-07,AB
51854,1080,75.16,2026-01-15,BC
51855,1074,79.9,2026-03-01,QC
51856,1093,17.36,2026-02-09,ON
51857,1010,63.34,2026-02-06,ON
51858,1076,41.72,2026-03-07,ON
51859,1094,40.63,2026-02-24,BC
51860,1001,10.71,2026-02-25,BC
51861,1005,9.19,2026-02-13,AB
51862,1020,41.86,2026-02-26,ON
51863,1008,35.46,2026-01-06,AB
51864,1043,35.15,2026-02-01,BC
51865,1076,32.56,2026-01-18,ON
51866,1001,19.2,2026-03-09,BC
51867,1057,66.33,2026-01-07,BC
51868,1064,91.53,2026-01-08,QC
51869,1084,13.41,2026-03-05,AB
51870,1028,59.84,2026-01-07,ON
51871,1037,15.75,2026-02-10,MB
51872,1047,32.42,2026-02-09,QC
51873,1076,50.85,2026-01-03,ON
51874,1037,23.57,2026-01-17,MB
51875,1049,20.95,2026-03-07,BC
51876,1044,38.49,2026-02-21,AB
51877,1056,65.78,2026-01-22,QC
51878,1028,26.89,2026-01-04,ON
51879,1079,20.86,2026-01-06,MB
51880,1006,28.04,2026-02-07,QC
51881,1061,78.38,2026-01-26,BC
51882,1020,39.06,2026-01-11,ON
51883,1078,41.1,2026-01-17,AB
51884,1002,30.33,2026-01-31,AB
51885,1073,34.08,2026-02-04,AB
51886,1037,60.79,2026-01-16,MB
51887,1020,41.99,2026-01-18,ON
51888,1026,108.44,2026-03-03,MB
51889,1029,27.8,2026-01-27,QC
51890,1001,87.41,2026-02-04,BC
51891,1035,13.9,2026-02-14,ON
51892,1070,42.16,2026-02-04,AB
51893,1059,38.59,2026-01-28,QC
51894,1069,87.92,2026-01-09,MB
51895,1033,30.84,2026-01-15,BC
51896,1051,105.92,2026-01-21,ON
51897,1078,12.89,2026-02-21,AB
51898,1012,22.76,2026-02-04,QC
51899,1020,23.86,2026-02-20,ON
51900,1053,15.31,2026-02-24,ON
51901,1088,38.92,2026-02-13,ON
51902,1043,31.93,2026-03-06,BC
51903,1098,72.9,2026-01-25,BC
51904,1089,16.32,2026-02-16,ON
51905,1050,138.26,2026-02-25,QC
51906,1029,101.91,2026-02-07,QC
51907,1057,25.36,2026-01-11,BC
51908,1039,58.86,2026-03-08,ON
51909,1095,25.63,2026-01-15,ON
51910,1056,57.74,2026-01-01,QC
51911,1043,14.59,2026-01-07,BC
51912,1050,56.35,2026-01-01,QC
51913,1023,29.13,2026-02-18,QC
51914,1044,13.19,2026-01-29,AB
51915,1038,36.83,2026-01-26,ON
51916,1084,38.15,2026-02-14,AB
51917,1023,43.15,2026-01-12,QC
51918,1045,106.93,2026-02-01,ON
51919,1052,29.23,2026-01-20,AB
51920,1080,34.34,2026-02-20,BC
51921,1050,13.95,2026-02-05,QC
51922,1008,48.74,2026-03-08,AB
51923,1085,35.0,2026-01-01,AB
51924,1001,17.57,2026-01-27,BC
51925,1008,41.65,2026-02-09,AB
51926,1029,19.92,2026-01-14,QC
51927,1096,127.71,2026-01-06,ON
51928,1005,30.66,2026-02-02,AB
51929,1086,16.48,2026-02-24,AB
51930,1047,54.94,2026-01-19,QC
51931,1034,15.53,2026-01-29,QC
51932,1065,69.67,2026-03-02,MB
51933,1055,15.26,2026-01-24,ON
51934,1090,61.02,2026-01-23,AB
51935,1043,72.73,2026-01-10,BC
51936,1074,97.21,2026-02-23,QC
51937,1030,21.84,2026-02-10,ON
51938,1082,67.29,2026-02-18,ON
51939,1017,76.86,2026-01-17,QC
51940,1026,24.17,2026-02-25,MB
51941,1008,11.69,2026-02-14,AB
51942,1047,15.1,2026-01-30,QC
51943,1076,15.39,2026-02-13,ON
51944,1091,31.3,2026-02-24,BC
51945,1072,45.83,2026-01-19,BC
51946,1089,27.33,2026-01-29,ON
51947,1046,41.63,2026-01-02,BC
51948,1068,83.76,2026-02-05,ON
51949,1033,24.65,2026-01-19,BC
51950,1001,35.26,2026-01-07,BC
51951,1019,55.95,2026-01-26,ON
51952,1031,52.66,2026-02-07,ON
51953,1080,54.57,2026-01-03,BC
51954,1014,27.75,2026-03-07,AB
51955,1053,62.4,2026-02-12,ON
51956,1048,41.7,2026-03-03,BC
51957,1069,16.24,2026-01-24,MB
51958,1090,39.31,2026-02-08,AB
51959,1062,31.76,2026-03-09,ON
51960,1092,8.57,2026-02-13,ON
51961,1066,128.03,2026-01-05,ON
51962,1064,39.24,2026-02-24,QC
51963,1070,121.04,2026-01-30,AB
51964,1063,49.98,2026-01-29,BC
51965,1073,19.16,2026-01-26,AB
51966,1033,17.45,2026-01-26,BC
51967,1041,48.45,2026-02-06,MB
51968,1089,43.58,2026-02-22,ON
51969,1048,24.19,2026-01-30,BC
51970,1013,41.77,2026-01-03,AB
51971,1073,121.16,2026-02-12,AB
51972,1077,122.88,2026-01-07,ON
51973,1031,55.82,2026-02-18,ON
51974,1075,29.66,2026-02-10,QC
51975,1068,45.23,2026-02-23,ON
51976,1098,21.46,2026-01-27,BC
51977,1004,58.48,2026-01-08,ON
51978,1019,15.18,2026-02-01,ON
51979,1070,45.54,2026-03-05,AB
51980,1098,72.35,2026-01-10,BC
51981,1082,52.88,2026-01-13,ON
51982,1013,20.99,2026-03-04,AB
51983,1023,87.25,2026-02-04,QC
51984,1083,39.02,2026-03-02,BC
51985,1075,39.65,2026-02-23,QC
51986,1001,57.58,2026-01-08,BC
51987,1088,21.36,2026-01-29,ON
51988,1054,30.32,2026-02-10,ON
51989,1071,78.45,2026-01-30,ON
51990,1089,12.62,2026-01-21,ON
51991,1085,50.35,2026-01-11,AB
51992,1015,22.76,2026-01-02,ON
51993,1065,30.96,2026-02-19,MB
51994,1076,20.31,2026-02-10,ON
51995,1071,26.62,2026-03-07,ON
51996,1015,37.01,2026-01-03,ON
51997,1021,34.94,2026-02-20,MB
51998,1019,22.46,2026-03-09,ON
51999,1060,8.51,2026-01-25,ON
52000,1093,20.69,2026-01-30,ON
